Price,Open,High,Low,Close,Volume
Ticker,GOOGL,GOOGL,GOOGL,GOOGL,GOOGL
Date,,,,,
2013-01-01,17.938477459219605,18.488286104034,17.86691565543435,18.320724487304688,370776852
2013-01-08,18.340420861829184,18.576303974547397,18.011533069970756,18.033973693847656,387036576
2013-01-15,17.936232940815938,18.326957917237134,17.48740901619963,17.566701889038086,455120424
2013-01-22,17.570438980682844,18.91242163902716,17.342535913301138,18.71917724609375,676810512
2013-01-29,18.61993880237573,19.364238510134747,18.614703036817193,18.925886154174805,475559964
2013-02-05,18.978498339916676,19.61532896647177,18.912921089422305,19.509357452392578,478596924
2013-02-12,19.492648964153055,19.779646810785835,19.39341078545908,19.770421981811523,300591108
2013-02-19,19.84772037842367,20.171370497880627,19.71057943432908,19.717561721801758,541865592
2013-02-26,19.82303588287726,20.517216671805528,19.558727597496617,20.483802795410156,457358184
2013-03-05,20.669067625773593,21.04483215918984,20.57232093923424,20.815933227539062,538516944
2013-03-12,20.7134509977513,20.742872007043204,19.98436072039596,20.141948699951172,409142448
2013-03-19,20.22797045813948,20.427699214388998,20.108534201274196,20.18807601928711,329262408
2013-03-26,20.284325829198487,20.296792841988488,19.779398507988624,19.977380752563477,297709992
2013-04-02,20.060913074117742,20.31749029716425,19.159774139575042,19.320602416992188,499244256
2013-04-09,19.33680862751966,19.872903493910368,19.277215924823633,19.49713897705078,409765824
2013-04-16,19.61333413513514,20.04644879448678,18.981739314338277,19.950450897216797,630892476
2013-04-23,19.9726426694519,20.513722420841507,19.862431236967666,20.422962188720703,435647916
2013-04-30,20.42146578410851,21.489915434449134,20.3556376730807,21.48243522644043,416938644
2013-05-07,21.518839105064764,22.004066257446034,21.21114525259556,21.880889892578125,398565036
2013-05-14,21.880143175567785,22.95482636799726,21.87116730575342,22.653865814208984,553026420
2013-05-21,22.641146760720723,22.73190889670853,21.718316024941018,21.775915145874023,364255380
2013-05-28,22.029750668599085,22.245186743193557,21.319611715833634,21.634037017822266,433034532
2013-06-04,21.639522796144156,22.216758801375526,21.125121676721022,22.197311401367188,462213324
2013-06-11,22.04146967052616,22.17761288342727,21.580927533519418,22.09832191467285,416527056
2013-06-18,22.158161573398726,22.71146318506708,21.524824020128875,21.687896728515625,617541840
2013-06-25,21.87415749912924,22.243688509964333,21.55624106286495,22.13896369934082,414992592
2013-07-02,22.196811011411125,22.59750954115009,21.874407601871482,22.56808853149414,264131604
2013-07-09,22.71545365821073,23.139341621878888,22.39080388274147,23.056808471679688,431595972
2013-07-16,23.117645966932574,23.138590928090167,21.833015347736094,22.707971572875977,694748556
2013-07-23,22.707972896573867,22.765323058056186,21.96467094116146,21.999080657958984,431364204
2013-07-30,22.078622820773415,22.615715443787366,21.9641733566914,22.565845489501953,363280356
2013-08-06,22.558115089671837,22.683286938676336,21.983619557194043,22.07986831665039,282677040
2013-08-13,22.11278201454108,22.154422976817422,21.357511008057912,21.584665298461914,353933712
2013-08-20,21.65198919909604,21.8926082446429,21.532053116564374,21.603116989135742,239352408
2013-08-27,21.43431127766359,21.53679164527811,21.08372974857475,21.117141723632812,255907836
2013-09-03,21.303155095683543,22.18559157325235,21.292930624513765,22.14320182800293,326724948
2013-09-10,22.192323478747866,22.388808154876454,22.042215708561613,22.135969161987305,265957776
2013-09-17,22.12724280565287,22.59052916000281,21.96741228219205,22.10455322265625,436151412
2013-09-24,22.104555406831356,22.194319807499323,21.650993657651394,21.840497970581055,294780924
2013-10-01,21.948714022749638,22.2940579115407,21.54626892942724,21.586912155151367,317630052
2013-10-08,21.576441434217415,21.848976831390353,21.01940154582744,21.84548568725586,379731888
2013-10-15,21.83675779794591,25.408395735160745,21.792872388725105,25.016921997070312,921109968
2013-10-22,25.059310704986803,25.94623614811549,24.829662980165647,25.308656692504883,405717876
2013-10-29,25.410885258333078,25.969920560607815,25.271252813306827,25.585678100585938,279368352
2013-11-05,25.442055644603194,25.72381584825661,25.125135042405397,25.198692321777344,246844908
2013-11-12,25.12663316570583,26.149950732451458,25.05930939151738,25.721324920654297,279727992
2013-11-19,25.725560050826395,26.260906099911136,25.442302310740793,26.079879760742188,241929828
2013-11-26,26.14645891673326,26.630190436817603,26.00532890497458,26.293073654174805,238796964
2013-12-03,26.205056249420885,26.98700596419253,26.15693281690867,26.883028030395508,276235488
2013-12-10,26.833407917354027,27.236350902406546,26.37810157689291,26.754364013671875,356706936
2013-12-17,26.750375107369052,27.82206502447407,26.40677586274933,27.804611206054688,415380204
2013-12-24,27.801368479792064,27.939258203716076,27.630068681627684,27.663978576660156,194916888
2013-12-31,27.733300660649448,27.951728070478723,27.551029492419715,27.859968185424805,264347388
2014-01-07,28.051462696509486,28.608004586058385,27.856224716830276,28.001096725463867,457222320
2014-01-14,28.37436708781102,28.939884869538233,28.12851226640515,28.688045501708984,352367280
2014-01-21,28.947366396106993,29.12091254891269,26.9860086602148,27.458768844604492,549310140
2014-01-28,27.685423278139844,29.585941472383205,27.413636696046954,28.26166343688965,791883324
2014-02-04,28.375363989652577,29.482712195290873,28.126766812789803,29.24658203125,468906624
2014-02-11,29.427109600921515,30.031026166909694,29.22862942847609,29.991378784179688,311624064
2014-02-18,29.95671852327282,30.424242898700324,29.859223063878304,30.23349380493164,377618004
2014-02-25,30.319021394078426,30.641675695443507,29.72557632930837,29.988637924194336,363608028
2014-03-04,30.295582686776516,30.594549658387287,30.023545225045574,30.210058212280273,267763968
2014-03-11,30.264911752732644,30.2786254672575,29.23660741756963,29.724578857421875,418736844
2014-03-18,29.78865979701755,30.2205277675881,28.57384440966278,28.872560501098633,453873672
2014-03-25,29.073783631861232,29.21267109999902,27.480461336913105,27.789899826049805,520023456
2014-04-01,27.93352329935982,29.308754586203044,26.43068757113169,26.933862686157227,437385316
2014-04-08,27.154064564466488,28.307880913283835,26.573668097023837,27.161537170410156,310490000
2014-04-15,27.45048866072732,28.098142381588115,26.436166025639146,26.871089935302734,332396000
2014-04-22,26.703197836245778,27.301031020735312,25.457712827083952,26.054550170898438,249540000
2014-04-29,26.099884461718734,27.022042387919374,26.055544847688683,26.669818878173828,191744000
2014-05-06,26.574165963585493,26.84020175730567,25.462197730670216,26.82425880432129,231418000
2014-05-13,26.88155171260822,27.101254306891935,26.083942258841386,26.844186782836914,180200000
2014-05-20,26.902478193200274,28.147963294737323,26.73159838224949,28.088180541992188,176244000
2014-05-27,28.286459501392095,28.778674667433453,27.73445968568808,28.115079879760742,174214000
2014-06-03,27.943702244840765,28.496697902941587,27.32893025550678,28.433427810668945,176474000
2014-06-10,28.336280075062373,28.496699758668516,27.4006724794006,27.515256881713867,149688000
2014-06-17,27.518244659780777,28.618257136795723,27.274628576887842,28.61078453063965,220980000
2014-06-24,28.60729687851936,29.373518368759157,28.35521045103749,29.12790870666504,209432000
2014-07-01,29.276370002386646,29.674924820885245,29.208616728494487,29.43130874633789,101492000
2014-07-08,29.212604628935825,29.635570885107928,28.501680756232467,29.60567855834961,167948000
2014-07-15,29.650017765603295,30.225431269368848,28.738323667435264,29.81392478942871,263188000
2014-07-22,29.87669489393404,30.335530383672083,29.52247778799691,29.842817306518555,141214000
2014-07-29,29.777057680891925,29.81641429505892,28.412005189665976,29.008344650268555,172478000
2014-08-05,28.86436523332771,28.90521750819474,28.270019367242664,28.758249282836914,136526000
2014-08-12,28.64615432886397,29.64503380759034,28.392574151340924,29.527957916259766,155124000
2014-08-19,29.67193541499608,29.782534543481365,29.356578902805165,29.421842575073242,106306000
2014-08-26,29.493086303534078,29.495577805757584,28.78963507162977,29.012826919555664,108964000
2014-09-02,29.042218659365233,30.067005234582215,29.014819737465523,29.97284507751465,163822000
2014-09-09,29.905092251077907,29.92153312483175,28.746292869644027,28.976957321166992,152592000
2014-09-16,28.942581696568674,30.16066590224242,28.942581696568674,29.755634307861328,215348000
2014-09-23,29.642542263700783,29.897120181968315,28.97346848330013,29.284339904785156,145310000
2014-09-30,29.2683991594939,29.513012972518215,28.59882555129308,29.282846450805664,141122000
2014-10-07,29.13936876027987,29.186695899370957,27.123177141586623,27.139118194580078,237996000
2014-10-14,27.40764498412473,27.830611208214222,25.826875237666105,26.522851943969727,379912000
2014-10-21,26.766469935993708,27.769334712681882,26.414246409091323,27.394691467285156,227132000
2014-10-28,27.48586255661743,28.333788597985883,27.422092643606625,28.08668327331543,185734000
2014-11-04,27.95665467919093,28.242616784527574,27.368287694972263,27.810684204101562,151518000
2014-11-11,27.825132625541027,28.023413249903697,27.123674983456187,27.233278274536133,136182000
2014-11-18,27.29754332119153,27.539665634215908,26.86212149401247,27.27512550354004,184998000
2014-11-25,27.26167521963524,27.525219520929443,26.83372598002268,26.885040283203125,131766000
2014-12-02,26.875075026024504,27.036490534869934,26.25482403165971,26.440650939941406,232522000
2014-12-09,26.199026770858392,26.870592071942458,25.67691929011322,25.69883918762207,230636000
2014-12-16,25.587245206135105,26.552247161022958,24.769709395940893,26.51886749267578,401152000
2014-12-23,26.628967516006192,27.098266931480083,26.58961090470365,26.768461227416992,138868000
2014-12-30,26.651385031607195,26.822764646934317,25.79399473602273,25.87918472290039,113282000
2015-01-06,25.930996979489365,25.966368327322133,24.456841135285984,24.76323127746582,273566000
2015-01-13,25.037735143546122,25.450239323119213,24.77319501874727,25.430810928344727,214484000
2015-01-20,25.54589411907309,27.171999315373768,25.3765080819393,26.73906898498535,226118000
2015-01-27,26.474029065510887,27.05691703836421,25.083071497721274,26.513885498046875,350474000
2015-02-03,26.401291863101033,26.913435220427395,26.156678053184496,26.368412017822266,187386000
2015-02-10,26.511394456987965,27.527212778473398,26.362932473990163,27.45846176147461,181708000
2015-02-17,27.458461520143338,27.55012827502984,26.50392161793047,26.653379440307617,172312000
2015-02-24,26.481502484569347,28.69547682770249,26.454101661474382,28.647151947021484,242008000
2015-03-03,28.713409337876648,29.0546728999676,28.349727958799324,28.601316452026367,185478000
2015-03-10,28.32133360860518,28.385103523014504,27.417112140963216,27.98056983947754,188490000
2015-03-17,27.813673723709588,28.37912501074445,27.57503873826555,28.16639518737793,163430000
2015-03-24,28.32432236354172,28.988912992159634,27.738944780366822,27.955657958984375,241408000
2015-03-31,27.79623476098044,28.020920356261414,26.688251816868096,27.099262237548828,155312000
2015-04-07,27.151076504480375,27.563580717220912,26.99962509482974,27.332916259765625,143500000
2015-04-14,27.22978942095506,27.22978942095506,26.354462603297655,27.128156661987305,213632000
2015-04-21,27.216836436040353,29.129403535111134,26.9682373585337,28.203758239746094,279348000
2015-04-28,28.114084263189206,28.28895122908858,27.09428067343237,27.542158126831055,189872000
2015-05-05,27.40864042924318,27.56856217743352,26.515876875625302,27.190431594848633,149490000
2015-05-12,27.042468050946688,27.430562748934893,26.653379412734658,27.234771728515625,151402000
2015-05-19,27.301031779914084,27.81118348770277,27.156555058723516,27.6258544921875,136402000
2015-05-26,27.529203237563195,27.687629321834176,27.05043954247976,27.361312866210938,172518000
2015-06-02,27.27263640737236,27.83858562865789,27.049444549533455,27.075849533081055,137150000
2015-06-09,27.072857344941198,27.641298010495976,26.84518232652484,27.05193328857422,138822000
2015-06-16,27.125669862157284,28.178353345729878,26.980695214902585,27.882923126220703,192200000
2015-06-23,27.888403985578368,28.142981928553834,26.914433733022427,26.964752197265625,168436000
2015-06-30,27.156055803912146,27.329926921423713,26.87955798573993,27.18246078491211,119008000
2015-07-07,27.272634272456642,28.539043334586385,26.895003507730603,28.483245849609375,176234000
2015-07-14,28.621246519915804,35.02304074803715,28.604805646119484,34.51687240600586,588538000
2015-07-21,34.120308623570715,35.53767109809878,32.45982800488004,32.79461669921875,375940000
2015-07-28,32.968487300376545,33.281850230853465,32.466804058495406,33.11595153808594,176996000
2015-08-04,33.097019923329235,33.87270760173534,32.824509259365755,33.03723907470703,165298000
2015-08-11,34.852653615097324,35.07285601734968,33.90259887603934,34.580142974853516,257010000
2015-08-18,34.42869520392572,34.88354354589986,29.547388136955103,30.79387092590332,357370000
2015-08-25,32.20675242959945,33.57728399165645,30.47303545791607,32.27400588989258,295916000
2015-09-01,31.57603602937661,32.444886158009226,31.14011625374117,31.33441162109375,164138000
2015-09-08,31.934234724737742,32.74928090149623,31.530698799958582,32.50566482543945,172754000
2015-09-15,32.71689687873986,33.97633124571484,32.54900650474363,33.22854232788086,221188000
2015-09-22,32.75476172386776,32.89475335598998,30.78041827942913,31.099760055541992,218340000
2015-09-29,31.162036041157748,33.52995333341164,30.78988618206275,33.46269607543945,224338000
2015-10-06,33.346611773088284,33.817404917159216,32.6062955119762,33.69933319091797,185244000
2015-10-13,33.59122944466768,34.88553722663006,33.53393439876709,34.871089935302734,187382000
2015-10-20,34.76846021119205,37.48909679142175,33.41386990511485,36.42395782470703,348520000
2015-10-27,36.19728182276998,37.27388065276082,36.07622256094123,37.25196075439453,194800000
2015-11-03,37.13687584609136,38.17909914762411,36.924146030078454,37.60218811035156,192714000
2015-11-10,37.53791857530279,38.315099942614616,36.58387667842024,37.38547134399414,206008000
2015-11-17,37.48760646689788,39.003610513886194,37.06812567041755,38.69472885131836,193334000
2015-11-24,38.508405201741944,38.659358694728425,37.768586750731615,38.00473403930664,119512000
2015-12-01,38.20849010217073,39.50927464426339,37.98480224670934,38.5098991394043,215650000
2015-12-08,38.08693011453659,38.79187508684551,36.68003149286682,37.98928451538086,207138000
2015-12-15,38.25083568393201,38.938342015693955,37.57129987819964,37.9025993347168,241658000
2015-12-22,38.07547287670486,38.99962059551288,37.745667179689285,38.970726013183594,108500000
2015-12-29,39.20736964319645,39.79025953098208,37.241994400874354,37.83484649658203,167130000
2016-01-05,38.06700887913592,38.321085105933186,35.84805141237484,36.52111053466797,254956000
2016-01-12,36.903718538134385,37.51400922074115,34.94880731505567,35.39618682861328,230778000
2016-01-19,35.877440317018845,37.48710651679484,34.264786595263736,36.54850769042969,275588000
2016-01-26,36.62772192763713,38.739067524999015,35.5436505665687,38.39929962158203,322802000
2016-02-02,39.88042771808884,40.37114906906743,33.97732421609534,35.08082580566406,570848000
2016-02-09,34.52235396534536,36.030387488167115,34.30065777680174,35.21683883666992,256156000
2016-02-16,35.8027091064412,36.66707596093785,35.380738746947294,36.320831298828125,212308000
2016-02-23,36.1738685539975,36.67505010246228,34.974218767803244,35.73147201538086,202112000
2016-03-01,35.93473276631739,37.021791706690806,35.12965257974899,35.511268615722656,247144000
2016-03-08,35.29156598203574,37.57678483666985,35.07286110984808,37.37651062011719,204894000
2016-03-15,37.166267853158544,38.12877827551432,37.00784176427444,37.97035598754883,188698000
2016-03-22,37.785025434469354,38.13127010158899,37.38946004941191,37.527957916259766,99566000
2016-03-29,37.54788063052617,38.72511624634199,37.279357156237644,38.11781692504883,171610000
2016-04-05,37.769581086358954,38.329049659233085,37.64353503244571,37.74018478393555,130496000
2016-04-12,37.784526110732706,39.28508685292853,37.44276273917149,39.24174118041992,155058000
2016-04-19,39.38223966435884,39.40465748352959,36.38659871319593,36.97645950317383,346082000
2016-04-26,37.08655627438949,37.14484335743264,35.03299990402956,35.59147644042969,276470000
2016-05-03,35.49632381600931,36.581889007959,35.0753492622549,36.32482147216797,180486000
2016-05-10,36.61527017128536,36.90621530750821,35.86997079455606,36.38311004638672,137344000
2016-05-17,36.42097162862187,36.65960469758445,35.38721680755411,35.73296356201172,156152000
2016-05-24,35.86249459376371,37.260426804937964,35.8525285854717,37.2449836730957,132104000
2016-05-31,37.302775155890956,37.53792279407025,36.282973456830796,36.371150970458984,151788000
2016-06-07,36.53107144208049,37.0621433626523,36.35919391206906,36.461822509765625,128212000
2016-06-14,36.33378829624011,36.72437070881989,34.929379218885785,35.17897415161133,222736000
2016-06-21,35.374261020279064,35.63980077467484,33.5115145808016,33.933982849121094,255458000
2016-06-28,34.44363728680314,35.49781439754068,34.118814603003294,35.38422775268555,154604000
2016-07-05,35.12317484737391,36.31485404149272,34.82376128784572,36.228668212890625,137284000
2016-07-12,36.4638155570789,37.62062131429269,36.24361314229054,37.52397155761719,139352000
2016-07-19,37.35807484034004,37.89463153461938,37.28932382212642,37.739192962646484,114386000
2016-07-26,37.739191588068465,40.22866784338674,37.50155435602662,39.90235137939453,291832000
2016-08-02,39.72250747784504,40.23415298568545,39.507785961557964,40.11608123779297,151226000
2016-08-09,40.07921064255824,40.547016331004606,40.03686460572779,40.15244674682617,112712000
2016-08-16,40.02988778670644,40.25407737088053,39.573043972545804,39.70357131958008,99244000
2016-08-23,39.87943031587498,39.905337376089705,39.2193248071467,39.647274017333984,108528000
2016-08-30,39.50080831476325,39.75588416898257,39.174491841019986,39.6995849609375,97844000
2016-09-06,39.775311891426455,40.39805443332642,39.033501766106326,39.79673767089844,161276000
2016-09-13,39.55710347485294,40.05430164919696,39.07485051281317,39.6258544921875,158768000
2016-09-20,39.85552009249756,40.8050769768882,39.6577354928564,39.98754119873047,140828000
2016-09-27,39.946690959732585,40.54850943499443,39.66770352117371,39.874454498291016,146740000
2016-10-04,40.10461480586261,40.72137842719433,39.69709174086281,40.561458587646484,124632000
2016-10-11,40.561466164138366,40.84493870920883,39.78677423978028,40.1962890625,123336000
2016-10-18,40.56345103919839,41.745665906302285,40.51961124587298,41.63606262207031,164934000
2016-10-25,41.77357112338177,41.7984823467211,40.254081522658595,40.34873580932617,265134000
2016-11-01,40.397058470978415,40.55100328516361,38.410759108572734,39.95665740966797,216900000
2016-11-08,39.95665422926243,40.654620698165886,37.04520765606393,37.524967193603516,361162000
2016-11-15,38.13525447230613,39.4215917389156,38.12280266310177,39.0982666015625,194262000
2016-11-22,39.30701257789763,39.842569650286016,38.492962178985145,39.14759063720703,117922000
2016-11-29,39.27661895438484,39.67816321372126,37.531944040002095,38.77045440673828,202310000
2016-12-06,38.86859841242045,40.42097346429251,38.52634087933358,40.24909591674805,178182000
2016-12-13,40.47278293020593,41.0661329466957,40.07970712127164,40.47826385498047,191202000
2016-12-20,40.52160376595863,40.67704232891644,40.10959940184628,40.244110107421875,92572000
2016-12-27,40.28795099417278,40.65263013165679,39.33839410049757,39.47938537597656,99682000
2017-01-03,39.88640757351348,41.3715253349956,39.70058445900075,41.20961380004883,164816000
2017-01-10,41.20413290787183,41.58176178323587,40.90222593498587,41.396934509277344,103250000
2017-01-17,41.35010209057316,42.124295993971835,41.01133001779437,42.06899642944336,146054000
2017-01-24,42.196033479121056,43.19341729710104,40.90321947038205,41.04271697998047,282130000
2017-01-31,40.826997260779194,41.15730089011433,40.45584515899305,40.9326171875,176788000
2017-02-07,41.12591643883588,41.93498377279993,41.01581522977017,41.796485900878906,137476000
2017-02-14,41.83683770932802,42.1940442490999,41.640550665127726,42.17461395263672,103736000
2017-02-21,42.24635519422637,42.53530482822438,41.972844891640726,42.33005142211914,124558000
2017-02-28,42.21446689972924,42.74504470095702,41.90658110661177,42.210479736328125,130112000
2017-03-07,42.20998377080851,43.19989500462708,42.12330002177431,43.07285690307617,118368000
2017-03-14,43.03150539255459,43.56307904274757,42.851159413502465,43.23875427246094,138192000
2017-03-21,43.34586453646723,43.515750389416134,41.06613063833411,41.77406311035156,224654000
2017-03-28,41.83285396523716,42.79486648284477,41.46319181821052,42.68277359008789,146726000
2017-04-04,42.24685570257565,42.874079529856175,41.71378823698313,41.93299102783203,137902000
2017-04-11,41.932990306833844,42.62747518209711,41.57927300405698,42.60206604003906,84658000
2017-04-18,42.47303152572214,43.839081706290436,42.4087655923525,43.78776550292969,121494000
2017-04-25,43.9536652949212,46.62597727140022,43.80520520774739,46.4725341796875,237546000
2017-05-02,46.494954879837735,47.87594647885062,46.38186234427917,47.7613639831543,180118000
2017-05-09,47.89288751267928,47.961136809676916,47.259183135722616,47.78776550292969,128352000
2017-05-16,48.00348516728061,48.120557261959476,46.83322413164595,48.029388427734375,161976000
2017-05-23,48.322824784891154,49.6395503600262,48.05080825449301,49.48411560058594,125378000
2017-05-30,49.44575411633755,50.18806210632059,48.88727755200636,50.012699127197266,153222000
2017-06-06,49.98430352597806,50.248345741388455,46.67081470081883,47.91679763793945,249282000
2017-06-13,48.426450926326666,48.80806695388288,46.84867061419109,48.584877014160156,199330000
2017-06-20,48.589361413497436,49.519989784007095,48.23514618535313,48.4289436340332,131006000
2017-06-27,47.90633759912081,48.186320867788346,45.60019483150034,45.80694580078125,247568000
2017-07-04,46.04309000826237,47.4843679712002,45.765596336876364,47.37825012207031,144476000
2017-07-11,47.354333628267774,48.98990298255818,47.08530843165947,48.62173843383789,146560000
2017-07-18,48.49221490625213,50.127788330185915,48.42645520787776,49.73521041870117,193832000
2017-07-25,48.35969144008833,48.66010084098153,46.6837676142592,47.104244232177734,319408000
2017-08-01,47.21932400524443,47.55211722793767,46.45758572383905,47.116695404052734,145326000
2017-08-08,47.04396148180846,47.452480408296395,45.89462832325469,46.77692794799805,167614000
2017-08-15,46.881548157273315,47.32344674990262,45.764100906333944,45.87718963623047,135722000
2017-08-22,46.18058927181594,47.14459341783215,46.138243239142504,46.2388801574707,128818000
2017-08-29,45.83135934894175,47.74342668349225,45.799473442320306,47.42757034301758,100302000
2017-09-05,47.171993198119985,47.46194245628131,46.465554506889006,46.994140625,126056000
2017-09-12,47.17498825899941,47.47041846488309,46.1028745276484,46.31958770751953,145512000
2017-09-19,46.501930949708225,47.46792686899923,46.05853476337234,46.54527282714844,151312000
2017-09-26,46.6653336374623,48.71042170134124,46.587118334120234,48.19877624511719,179568000
2017-10-03,48.20325753705693,49.84231627068056,47.96163694132029,49.4362907409668,135410000
2017-10-10,49.58524770111839,50.554732789429686,48.87831106095425,50.28520965576172,138154000
2017-10-17,50.190056511953976,50.63195129305265,48.97744949308325,49.0990104675293,145046000
2017-10-24,49.14683772555267,52.988908761409995,48.67753831942551,51.46991729736328,257358000
2017-10-31,51.463444794360385,52.43940671621205,51.12965190572429,51.94569396972656,146346000
2017-11-07,52.29293426135582,52.94257969878529,51.60542787187779,51.87196350097656,124528000
2017-11-14,51.69858982188951,52.398053869804244,51.280602801923834,51.546142578125,107124000
2017-11-21,51.81416912095419,53.45821088700012,51.769333484149385,53.40689468383789,88666000
2017-11-28,53.505539122427365,53.80495268639717,50.27873404985998,50.4107551574707,213922000
2017-12-05,50.36691703708434,52.63021211834025,49.93498443079871,52.40851593017578,152998000
2017-12-12,52.31037236653042,54.12828338862289,52.05479858970943,54.058536529541016,186576000
2017-12-19,53.95541243255897,54.052560119293496,53.189188987935715,53.249969482421875,98506000
2017-12-26,53.23900410977774,53.24996595922432,52.44488197280676,52.47975540161133,84190000
2018-01-02,52.46082654480839,55.75588093200793,52.46082654480839,55.509273529052734,144030000
2018-01-09,55.720012872374866,56.36068813215429,54.999624744929164,56.32830810546875,108552000
2018-01-16,56.809559383790955,58.13326349309284,55.97159746737523,57.99775314331055,151892000
2018-01-23,58.31958339409981,59.6836418297383,58.15169302204765,59.10972213745117,179914000
2018-01-30,58.67330935934574,59.18196352204057,52.64615814825753,52.927635192871094,348266000
2018-02-06,51.512265463361246,54.17261964766527,49.66994118972141,52.53754806518555,349964000
2018-02-13,52.310368113574974,55.215337861369804,52.156925036070135,54.577152252197266,150234000
2018-02-20,54.44064958487554,57.003358195306475,54.30314755043209,56.978450775146484,159454000
2018-02-27,56.978446947113284,57.00584776809146,52.315848903501276,54.540283203125,226404000
2018-03-06,54.90596340561064,58.69522858379027,54.29866400326905,58.0859375,174960000
2018-03-13,58.379870258015906,58.687258163378566,54.249343379245786,54.804832458496094,240704000
2018-03-20,54.72162713085262,55.23477014358009,50.34648857870816,52.514129638671875,284672000
2018-03-27,53.00285595458714,53.034741858501015,49.02228721428841,50.44861602783203,272920000
2018-04-03,50.62398350994495,52.14646429033555,49.64553202028545,50.820274353027344,211236000
2018-04-10,51.32693826745997,52.45883287608033,50.587119833936626,52.1160774230957,158762000
2018-04-17,52.86835093629845,54.67729178658661,52.66359164266236,53.4965705871582,237618000
2018-04-24,52.768706948891584,53.03225123731982,50.460078442963145,50.74504470825195,312244000
2018-05-01,50.631455704460706,53.05766189365627,50.212476641510854,52.78166198730469,180598000
2018-05-08,53.038728602302726,55.70556330292018,52.39207452379293,55.130149841308594,179446000
2018-05-15,54.64690304350303,54.757502176299134,53.04172185690414,54.004730224609375,147766000
2018-05-22,54.29318694400159,54.39282422941788,53.15530968384332,54.008216857910156,88794000
2018-05-29,53.60567581526464,57.683894375727135,52.96200923236513,57.443763732910156,252086000
2018-06-05,57.524469575763796,57.845305110063904,55.95864317237233,56.838951110839844,156086000
2018-06-12,56.84493222010071,58.99264893078544,56.84493222010071,58.965248107910156,173292000
2018-06-19,58.29417958614081,59.85751261914103,55.79274562890509,56.75824737548828,235836000
2018-06-26,57.00036961428995,57.136374084243855,55.10374543266882,56.899234771728516,153730000
2018-07-03,57.263418333617096,58.18557444073635,55.520237165163756,58.15319061279297,88446000
2018-07-10,58.288202393670005,60.303396291451435,57.559843740197145,59.609413146972656,158130000
2018-07-17,58.92340050807057,60.85888153755674,58.886531596402754,60.331295013427734,220832000
2018-07-24,63.32045678392577,64.33876468368899,60.987414945577726,61.27985382080078,305648000
2018-07-31,61.363052995871335,62.10087972072661,60.58985872305668,61.659976959228516,154458000
2018-08-07,62.37438757332858,63.36828600947737,62.12629020547472,62.20649719238281,158278000
2018-08-14,62.39879862088368,62.80183662503667,59.98255847638647,60.87681579589844,152618000
2018-08-21,60.93012671542042,62.66633319937824,60.44189489774022,62.58662033081055,123078000
2018-08-28,62.56818404267243,63.245230281638335,61.06612940296579,61.36753845214844,136668000
2018-09-04,60.905212763548185,61.17174837983973,57.97035246691033,58.5407829284668,202628000
2018-09-11,58.34349992096913,59.33191739939974,57.71378273238787,57.78203582763672,163310000
2018-09-18,57.92302360210338,59.61289681549753,57.3670404304994,58.76497268676758,209892000
2018-09-25,58.99862478812429,60.98890734565415,58.49245647108818,60.20823669433594,175852000
2018-10-02,60.11557514948188,61.00485326159594,56.56494706810459,57.587242126464844,191044000
2018-10-09,57.357571955353514,57.86772364683413,53.60019288656465,54.92290115356445,239810000
2018-10-16,55.47290461038917,57.142849570138914,54.12080766195178,55.3677864074707,188584000
2018-10-23,54.36741368447538,55.69809251641664,50.17810190619772,51.54962921142578,347656000
2018-10-30,50.81628460223489,55.19989528856411,50.515377288888246,52.59583282470703,259612000
2018-11-06,52.56046692773398,55.29604905652764,51.8296186446769,52.27848815917969,174604000
2018-11-13,52.550004105360586,53.748658019312884,50.958772305562114,51.185447692871094,183050000
2018-11-20,50.18258370431508,52.65910651806805,49.92950333088623,52.606300354003906,129892000
2018-11-27,52.37713315150586,56.54502312136516,51.959146104896476,55.616390228271484,227294000
2018-12-04,55.44849547144762,55.51076972107859,51.46344141539679,52.46879577636719,169400000
2018-12-11,53.15430901476654,54.38933004542349,50.64789596476178,51.097267150878906,174088000
2018-12-18,51.51326210833344,53.59122816696453,48.70643567915788,49.05567169189453,296594000
2018-12-25,49.71926391837187,53.0192973886006,49.45322622898241,52.05928039550781,159822000
2019-01-01,51.1744864816914,53.93946080353687,50.93385793677981,53.601688385009766,167296000
2019-01-08,54.10386707021273,54.470039960431166,52.238132992443006,52.385597229003906,148364000
2019-01-15,52.70942512924791,55.69809123661503,52.53156874452752,55.16502380371094,145586000
2019-01-22,54.6020617749081,54.96873259022263,53.18569887484318,53.797977447509766,146534000
2019-01-29,53.85676406199313,56.910695813294915,53.10847719713813,56.86486053466797,200912000
2019-02-05,56.27749103912059,57.491591929795604,54.4820016064882,54.906959533691406,209114000
2019-02-12,55.34985386462039,56.93610651361285,55.34985386462039,55.779296875,112010000
2019-02-19,55.63033549093965,56.34225514194077,54.70070302486078,55.664710998535156,134986000
2019-02-26,55.51724523485705,58.06551038343955,55.13513127297968,57.46269607543945,154116000
2019-03-05,57.59122545570047,58.78240672815271,56.30588402758917,58.75002670288086,147508000
2019-03-12,58.9014774179527,60.13799223174871,58.860625145671,59.21284866333008,171738000
2019-03-19,59.370773179442,61.59869678090033,59.258182370674334,59.65275192260742,161444000
2019-03-26,60.041839595699834,60.164396410911586,57.96138406452991,59.73246383666992,141178000
2019-04-02,59.785772825167726,60.80956170240459,59.34686552949977,60.1957893371582,103252000
2019-04-09,59.87743964342677,61.242988047814734,59.70257078385487,61.10498809814453,100284000
2019-04-16,61.2778620680968,62.49046532281654,61.03075674915765,62.461570739746094,96822000
2019-04-23,62.60505251407298,64.61427131892226,62.37239448332913,64.5759048461914,186204000
2019-04-30,59.31647483591538,59.83210365682915,57.707306520444114,59.457462310791016,325978000
2019-05-07,59.07634658957624,59.52272649196482,56.071739292755275,56.62423324584961,168956000
2019-05-14,56.909701468889935,59.49233837364593,55.8674781306536,57.02627944946289,190966000
2019-05-21,57.51550167280568,57.978822258809515,56.45335394844953,56.72486877441406,83156000
2019-05-28,56.8678512036561,57.615640139560924,51.16602090696556,51.74940490722656,203738000
2019-06-04,52.03586875581833,54.54427760629784,51.463446563022735,53.94245910644531,208858000
2019-06-11,54.65137952849949,55.00111343160305,53.28682702377082,54.49694061279297,122344000
2019-06-18,55.37426825597008,56.12504475790616,54.603559735422934,55.63332748413086,160268000
2019-06-25,55.55262020164968,55.58350646715659,53.490595190407475,54.80134201049805,153288000
2019-07-02,55.04196636412298,56.5275781371864,54.78489884808741,55.6378059387207,100466000
2019-07-09,55.3154781212962,57.45372679669927,55.15754994557304,57.31772232055664,129228000
2019-07-16,57.12939826445726,57.71976073325029,56.05728837511469,56.754756927490234,122438000
2019-07-23,56.965995949592575,63.1904298901593,55.98256143848007,61.86772537231445,265200000
2019-07-30,61.12840457736051,61.622117312913694,56.93112225014191,57.528953552246094,186752000
2019-08-06,58.06551031142734,60.09614734009332,57.334160335603826,58.51288604736328,139298000
2019-08-13,58.50540997238323,60.25108441879239,57.84381069533404,59.805198669433594,141736000
2019-08-20,59.55161933554281,59.811176453539865,57.29230780756034,58.34748077392578,109130000
2019-08-27,58.936353646659136,59.80072056898383,57.802961499431326,59.311492919921875,77970000
2019-09-03,58.87905797011368,60.80707016089562,57.9753363451739,60.04582977294922,124440000
2019-09-10,59.58848788792389,61.89661854568889,59.584500724256515,61.35906982421875,134982000
2019-09-17,61.35907313217456,61.992275806612035,60.60381155044135,61.51152038574219,113290000
2019-09-24,61.7760547693994,62.17560732247533,60.24161636774549,60.83646011352539,144360000
2019-10-01,60.90371637073867,61.42034480710963,57.94693630427259,60.19428634643555,127224000
2019-10-08,59.722002103850514,61.215588276016966,59.25917944817066,60.66857147216797,84502000
2019-10-15,60.854398629842045,62.95926754627974,60.82550404643827,61.98928451538086,121246000
2019-10-22,61.99924757353959,64.72735695561478,61.76858502256695,64.2162094116211,156900000
2019-10-29,63.569554665376536,64.39157553882181,62.24834394321015,64.24759674072266,173206000
2019-11-05,64.32680965258704,65.89363197942771,63.881927317177016,64.67953491210938,142540000
2019-11-12,64.69398104110846,66.45509880415459,64.37414131752577,65.7536392211914,145608000
2019-11-19,66.09191240523994,66.09191240523994,64.22767574054097,65.04620361328125,127668000
2019-11-26,65.25892413089744,65.64403317309349,63.78775589721966,64.2102279663086,80058000
2019-12-03,63.702070671601525,67.63232678505871,63.62186369025656,66.90695190429688,148994000
2019-12-10,66.75500811893582,67.93024453543552,66.4590762017959,67.78926086425781,128498000
2019-12-17,67.87445186639056,67.97010578962396,67.15655712361124,67.28758239746094,155226000
2019-12-24,67.26665075748983,68.10561231963258,66.65038501698088,66.74354553222656,80336000
2019-12-31,66.54824937330137,69.66345923216974,66.36591171910963,69.63805389404297,116968000
2020-01-07,69.77007820475328,71.81366484523728,69.32668585730617,71.7414321899414,159832000
2020-01-14,71.73994052504378,73.76011367358568,71.13064563654497,73.70880126953125,126130000
2020-01-21,73.68289228171355,74.75799734520992,70.71863939255725,71.32793426513672,167956000
2020-01-28,71.82661617015596,74.04657296301339,71.09526625911823,73.86223602294922,193858000
2020-02-04,72.46182460422288,75.17149956935405,70.84468571985661,75.16053771972656,236740000
2020-02-11,75.3901996536852,76.21770522053647,74.92837285316573,75.66221618652344,112006000
2020-02-18,75.44351598955929,76.26055387727416,70.08543687850549,70.736572265625,166430000
2020-02-25,71.29156773137504,71.58300697779833,63.18146376459521,69.06563568115234,299274000
2020-03-03,69.63158779879457,70.15518718467935,59.685639656926234,60.5699348449707,292472000
2020-03-10,62.49295982397485,63.5620822218868,53.161286436824646,53.45621871948242,379850000
2020-03-17,54.335031492001804,57.42233898711174,50.2612982120029,52.5161247253418,416852000
2020-03-24,54.99962248045581,58.36243197806758,53.95490960238306,57.10847473144531,360884000
2020-03-31,57.229039940798025,59.32244906224932,53.559842193037824,58.94581604003906,288302000
2020-04-07,60.63070884888376,60.87881001905542,58.64989045219291,60.301902770996094,194684000
2020-04-14,61.77456555358247,64.26702944832003,61.20512710518193,62.82973861694336,249832000
2020-04-21,61.911066886753524,64.47128575857568,60.03237550470013,63.313480377197266,211734000
2020-04-28,63.9282589298546,67.76185787891825,61.29679552697991,65.90608215332031,324578000
2020-05-05,66.6334491285436,70.52085390400352,66.51039818745637,69.92601013183594,168094000
2020-05-12,70.15668192486113,70.46107470290778,65.92601608519632,69.00884246826172,199584000
2020-05-19,69.02378181960557,70.59408566129582,68.4398999328145,70.40676879882812,129286000
2020-05-26,71.83758675953877,71.99451909710767,69.4781435765335,71.48436737060547,173650000
2020-06-02,71.49084223975554,72.18881255190308,70.0465767344558,72.14048767089844,154676000
2020-06-09,72.00098444029047,73.37250778132766,69.0397194396937,70.78041076660156,179674000
2020-06-16,72.1883109621965,72.8459307220783,70.69372889174244,72.27101135253906,178346000
2020-06-23,72.3377692833671,73.5229717475323,67.33839053044488,69.60617065429688,236016000
2020-06-30,69.59172608039694,75.22729491318063,69.09601787513029,74.71166229248047,184398000
2020-07-07,74.53630907642669,78.53331741345096,74.21596762905233,75.3384017944336,194838000
2020-07-14,74.3699099663518,78.16714187775806,74.02814655129319,77.90957641601562,160048000
2020-07-21,78.96524702418039,79.06588014506977,74.11084301776602,76.19528198242188,142904000
2020-07-28,75.97457955901034,76.76621201846065,72.4373993715939,73.87020874023438,226578000
2020-08-04,74.06700377961025,75.72997409674231,72.9370970966521,74.5706787109375,147916000
2020-08-11,74.4301867984792,76.57093273821464,73.6425451808183,75.53816986083984,117930000
2020-08-18,76.03038279080437,80.14845763456078,75.80869041286726,78.97122192382812,145708000
2020-08-25,78.71963555523584,82.34101414453745,78.60903642030684,81.18221282958984,157528000
2020-09-01,81.31323971969117,85.99327310878367,76.62074691855972,78.77494049072266,191750000
2020-09-08,75.97458055849619,78.39879108285255,74.38135721267182,75.16899871826172,199664000
2020-09-15,76.11856956978245,77.4377848884495,69.88068396867533,71.24872589111328,205142000
2020-09-22,72.25406968774918,73.38347461301063,69.85426856611618,72.66956329345703,167338000
2020-09-29,72.93112834183948,74.48349966254766,72.10611607655464,73.87371063232422,158448000
2020-10-06,73.50852156928238,79.13412396919452,71.40265317112384,77.94692993164062,176590000
2020-10-13,78.56569689612061,78.9717262373772,75.87096715362827,76.22119140625,167384000
2020-10-20,75.88042633036821,81.41087672182233,75.75039690974346,78.92837524414062,198878000
2020-10-27,79.15954385922576,83.76235754751819,75.15157394315119,80.92265319824219,270588000
2020-11-03,81.24349123550118,90.51637235151792,80.31435663755187,87.75289154052734,224594000
2020-11-10,86.17610702969337,89.3929460898464,85.49606947515421,88.38111114501953,156546000
2020-11-17,88.07372312423999,88.53605166120151,85.20014502917995,86.06600189208984,111752000
2020-11-24,86.06300945255181,89.52595779057819,85.72573115737848,87.40315246582031,94792000
2020-12-01,88.01394890712602,91.85850996186576,87.83310118567915,90.52335357666016,134334000
2020-12-08,90.09937435526703,91.08828964588086,86.36341386553597,87.2965316772461,132030000
2020-12-15,87.67516407793404,88.13599504075603,84.39405917743379,86.41473388671875,200138000
2020-12-22,86.15417843795585,89.02726225465624,84.98093374951335,88.37761688232422,80306000
2020-12-29,89.03873195125844,89.10050448146374,85.04869477317573,85.99476623535156,99146000
2021-01-05,85.94295157867876,89.64303945406738,84.49868611370965,87.497314453125,179164000
2021-01-12,86.95278984639623,88.07571808084197,85.27637182228375,86.0689926147461,113616000
2021-01-19,86.8352132144444,96.25505986453898,86.32855078247161,94.37188720703125,247776000
2021-01-26,93.95889734685484,95.4415217773611,89.53941691942678,94.3116226196289,254034000
2021-02-02,95.31098999071757,105.3680304528695,94.97420580084648,103.84953308105469,271504000
2021-02-09,103.365286877908,104.59582664089332,102.24136287888643,104.37313842773438,86464000
2021-02-16,104.20973633645106,106.86959647679728,102.03013748467448,102.34200286865234,141248000
2021-02-23,100.33577571003762,104.03885108995455,99.15206322380013,103.10922241210938,164916000
2021-03-02,102.86908465938916,105.30525296763314,99.33987861490955,100.01244354248047,198640000
2021-03-09,102.11731734227335,105.18220321674102,100.60180749716874,102.35096740722656,148708000
2021-03-16,102.92638705944046,105.30227296996654,99.78477565407887,101.16776275634766,169590000
2021-03-23,101.62908357018267,103.00658968929436,99.44400387467653,101.92002868652344,143814000
2021-03-30,102.27823627762818,111.04694804336208,101.43977642493203,110.54725646972656,158272000
2021-04-06,110.14670363737334,113.28782070788901,109.69185532044291,111.82562255859375,139208000
2021-04-13,112.14297289193452,114.78838186688787,111.39717943940705,114.07447052001953,132430000
2021-04-20,114.45957543570883,115.80669706509309,111.61140256871613,115.07933044433594,130742000
2021-04-27,115.4629397344571,121.12989665472642,113.89512158816832,116.73084259033203,239824000
2021-05-04,115.25967380190879,118.13425538675028,112.42644621230596,114.17361450195312,156456000
2021-05-11,111.74840799605931,114.07546724640189,109.28483495032528,114.03262329101562,167360000
2021-05-18,114.70169294007798,117.85027498603495,110.8700858430469,117.62559509277344,150704000
2021-05-25,118.17161848479638,119.02104019005566,117.21758029372839,117.41685485839844,100718000
2021-06-01,118.29318599563511,119.79125736221336,116.05529617408082,119.68115234375,111786000
2021-06-08,120.1648977148706,122.00372898271591,119.30650583112936,122.00323486328125,112142000
2021-06-15,122.0077147937063,122.33203959345471,119.03848263467464,121.37252044677734,147406000
2021-06-22,121.31023500409906,122.65087215564833,120.62671583853401,122.09339904785156,126020000
2021-06-29,122.22741523375129,124.95103944609428,120.91616674717983,124.80506896972656,91674000
2021-07-06,125.19465822702412,126.82424888187936,123.57403774016379,126.5168685913086,110554000
2021-07-13,126.57963659013365,128.85938197383064,123.05889887533583,124.1280288696289,115592000
2021-07-20,125.07409436813013,133.7521390487209,123.90135131651411,133.55087280273438,133438000
2021-07-27,133.7656093128393,137.7974874688572,129.6340862615024,134.367431640625,228766000
2021-08-03,134.6468944484399,136.68850476469765,132.83796117695297,136.41847229003906,96556000
2021-08-10,136.84591708297847,137.86273882965997,134.81029711193796,137.80992126464844,89604000
2021-08-17,137.2524630465386,140.36567418925966,133.76510463882255,139.5356903076172,122404000
2021-08-24,140.10360560699044,145.44325759375565,139.83159667298204,144.0682373046875,108940000
2021-08-31,144.6227390479887,145.72573526453544,141.88615355979695,143.22032165527344,96576000
2021-09-07,143.31497889479857,144.19578859919187,140.22966673040565,141.8184051513672,112716000
2021-09-14,142.4789852168152,143.92873144186396,135.8295980791719,138.2184295654297,173174000
2021-09-21,139.2447062467465,141.8163922760689,137.77852486864947,140.56243896484375,116206000
2021-09-28,138.15416657952667,138.59406965926019,130.5766406639165,133.1767120361328,201178000
2021-10-05,133.55684679379073,140.20375649731594,133.55684679379073,138.41224670410156,126358000
2021-10-12,138.9761916216298,142.28022366058383,135.269627108314,142.2622833251953,138550000
2021-10-19,142.86959579368778,143.14361164367267,134.93485817821207,136.9505615234375,154744000
2021-10-26,138.76048482972084,148.1130707354355,137.80494909862912,142.9786834716797,261468000
2021-11-02,144.05727756288354,150.07098453053808,143.81415560618157,148.49270629882812,160794000
2021-11-09,148.69397160675797,149.29330044629518,144.01543614714996,147.91578674316406,111886000
2021-11-16,147.61439005485474,150.42121639740887,145.61962236738555,145.7735595703125,138382000
2021-11-23,145.62510141864007,146.13027392657673,141.33016966781835,145.00485229492188,108324000
2021-11-30,144.48474519002795,145.47266485791755,139.64378830097576,142.637939453125,177130000
2021-12-07,145.07060923069994,148.56146424891077,144.70293875647283,145.29978942871094,131308000
2021-12-14,143.44798440130063,147.14358698688116,138.81776638026082,141.0955047607422,186074000
2021-12-21,141.54039771391115,147.80817316067498,139.99500506020308,147.37225341796875,97438000
2021-12-28,147.7005611059268,147.76333707593773,143.19390325785943,144.46778869628906,98458000
2022-01-04,144.8708304360013,145.9559015033428,132.68351909922848,138.1686248779297,194534000
2022-01-11,137.50852656781325,142.33403610599458,136.1987755976039,138.97669982910156,115936000
2022-01-18,135.68314535923707,137.4611999509775,124.05031186821009,130.33154296875,225702000
2022-01-25,128.27500395425008,134.98368644603235,126.04359095413245,134.81478881835938,202388000
2022-02-01,137.09750800394139,150.99910941173937,133.88316234498149,138.69821166992188,376334000
2022-02-08,138.52432790282396,142.00969389743247,132.77516542033035,135.03646850585938,208018000
2022-02-15,137.07359871326977,137.6096650962534,129.72624024100966,129.93199157714844,136272000
2022-02-22,129.36902491853857,135.26116339490252,124.50216904366894,134.56918334960938,207502000
2022-03-01,134.39131831189496,135.94668466165203,125.83882547699304,125.92202758789062,150162000
2022-03-08,125.7939868368393,133.312234303432,124.82251004302125,125.49606323242188,174894000
2022-03-15,126.51735218388357,136.55496933499083,125.26638634270928,135.60989379882812,166158000
2022-03-22,135.6099143800782,141.52198527044266,135.6099143800782,140.944580078125,146222000
2022-03-29,142.13225852050255,143.27411523298673,137.80792320997665,142.455078125,143610000
2022-04-05,142.35297040848678,142.47402207185726,128.20376113873866,128.3582000732422,142146000
2022-04-12,131.12467591048647,131.12467591048647,125.72623848269868,127.21533966064453,113044000
2022-04-19,127.23027751104694,130.92439031867738,118.08294114702065,122.62945556640625,197644000
2022-04-26,121.85276755662338,122.06748903673034,112.19328087180577,116.16189575195312,291968000
2022-05-03,116.0099517560275,122.41075199361941,111.5959601189541,112.1046142578125,201236000
2022-05-10,115.09028608554529,117.44923496895278,109.42781444507152,114.03162384033203,192298000
2022-05-17,116.41847194007887,116.47775866804906,105.41436415013023,111.0853042602539,178470000
2022-05-24,105.38996354560682,111.9123175693701,101.5165003093363,111.91082000732422,192900000
2022-05-31,112.3392619683021,118.91592321574373,111.67367548912588,116.39855194091797,184288000
2022-06-07,115.06338885287778,118.14223186359975,105.73570618726906,106.00821685791016,172200000
2022-06-14,106.15020051059305,111.02103971933889,104.66657274002395,106.75650024414062,176464000
2022-06-21,108.53603836287712,118.15118363498702,108.20773023499434,115.41510772705078,184136000
2022-06-28,115.38421778306288,116.88577825059483,106.34498736005415,108.34474182128906,139154000
2022-07-05,106.7136618061194,119.2527029522734,105.3496032631384,115.25868225097656,187144000
2022-07-12,115.79523018929906,116.55149137293894,107.97857255160505,108.63618469238281,200620600
2022-07-19,110.44960577978004,114.98317411790474,105.91604504349233,107.12167358398438,188399600
2022-07-26,106.21495508188849,116.29840398003972,103.6940947578099,114.44512176513672,203923800
2022-08-02,113.58823631948131,119.71602427287345,113.30924888516604,116.8763198852539,108635700
2022-08-09,116.71690133151151,121.85826757223798,115.29206604558968,121.6390609741211,112901700
2022-08-16,121.08107354050978,121.98779032274962,113.43877895522078,113.8273696899414,103142000
2022-08-23,113.07011307505465,116.29840805198613,108.40701695200379,109.02477264404297,108998700
2022-08-30,109.77206138741047,110.44960551452162,106.87257633295454,107.46044158935547,108661900
2022-09-06,106.9124330696351,111.21682883009889,105.39791908619513,110.4595718383789,118638100
2022-09-13,107.41063456910622,107.90882859289273,100.57541195460833,102.69771575927734,164590300
2022-09-20,101.71128747497715,102.50839330298571,97.1179382495793,97.8154067993164,151001100
2022-09-27,99.07086174733776,100.33627119578031,95.21483734935244,98.2837142944336,154509800
2022-10-04,100.07722146918252,102.55822566684397,96.65961004109947,97.50653839111328,119079600
2022-10-11,97.07809060948435,100.56544887766599,94.03910393504809,99.60891723632812,136787900
2022-10-18,102.75749364975745,103.09626952912981,97.36703842060747,102.14969635009766,132830100
2022-10-25,102.52832726345842,104.44139040915097,91.4684219252417,94.16863250732422,264808700
2022-11-01,95.10523157845626,95.68313844301379,83.03897228787446,88.17037200927734,250691500
2022-11-08,88.57889080166562,96.57988487141026,86.96473957641378,95.35432434082031,177088200
2022-11-15,97.90508782872247,99.77829454775403,95.01556108414778,95.25469207763672,146788300
2022-11-22,95.60343433301844,98.40329003921708,93.71030304075103,95.70307922363281,78245500
2022-11-29,95.38422675598967,101.88067318284018,93.77007545643147,99.12068176269531,138282100
2022-12-06,98.94133099203755,99.41959297283984,91.27910487419773,92.97296142578125,145814800
2022-12-13,97.40689581595844,99.17049928198036,87.8913871009693,88.12055969238281,196939100
2022-12-20,87.79174235105695,89.89412152097373,86.00820701913608,88.90769958496094,98860700
2022-12-27,88.47925676958722,88.61875048038215,85.62958650305605,87.91131591796875,86940300
2023-01-03,89.26639330050455,90.721126405414,84.55348252716598,87.70206451416016,160565800
2023-01-10,85.66944759411942,91.85701645147581,85.5199878667573,91.78726959228516,113917100
2023-01-17,91.72748238029912,99.67866244471271,89.72474785281943,99.4295654296875,201915700
2023-01-24,97.74565746128872,99.9576399511736,93.42133735909613,96.58985137939453,166628500
2023-01-31,96.52010226429863,107.46043756351514,96.4702798266776,102.5283203125,232594500
2023-02-07,102.84717397123518,107.78925770215079,93.29180878286134,94.26827239990234,368265500
2023-02-14,94.0889215456748,97.32718262833077,91.926761354927,94.00920867919922,181641800
2023-02-21,92.66408669138035,92.76372397390682,88.2600534279084,89.54539489746094,169807100
2023-02-28,89.00733893389553,95.62335442791783,88.99737292570926,94.78638458251953,161257000
2023-03-07,94.63693873151601,95.61339474695467,89.0970160980626,90.78091430664062,164028900
2023-03-14,92.22567638754367,102.46854442655383,92.10611468553721,100.85440063476562,246153200
2023-03-21,100.88429139968564,106.20500000832773,100.85440097408346,102.08992004394531,187849700
2023-03-28,102.06999192718371,104.15243925490958,99.37973969295156,103.9830551147461,155822500
2023-04-04,103.95316268739683,108.77567699669292,103.2855845465528,106.0555419921875,128489500
2023-04-11,106.16514901581004,108.54651583028557,103.96312475129943,105.58724212646484,139674900
2023-04-18,106.10536056398426,106.24485428184863,102.6977152815763,105.58724212646484,124665800
2023-04-25,105.44774323037609,107.9785696473785,102.25929708844615,106.81278991699219,212922400
2023-05-02,106.75300798212537,107.57004582481335,103.33539689342771,107.38072967529297,129348600
2023-05-09,107.99849166544597,118.05205025481185,106.80282913990791,116.08916473388672,255754100
2023-05-16,116.06923372464838,125.97333268380879,116.00945287840379,124.59832000732422,190176700
2023-05-23,123.71154053992173,124.86734669322925,119.4270690018328,124.159912109375,146181800
2023-05-30,125.18618904608907,126.96972449731847,121.559337295581,125.55485534667969,162443800
2023-06-06,125.55485509791255,128.57390194597673,120.80208003964547,123.19341278076172,160635400
2023-06-13,124.52857606560625,125.65449177329197,121.0113200264831,123.08380889892578,133630900
2023-06-20,122.48596881235079,124.12004441305096,117.84279739930608,117.91254425048828,152211200
2023-06-27,116.657112628128,120.64266475671315,115.68064901181619,119.46692657470703,134705800
2023-07-04,118.80929644806145,122.16712655979028,115.72049533854465,116.02937316894531,109337800
2023-07-11,115.86996362091563,126.6409156717828,114.93335645063594,124.19976806640625,156764100
2023-07-18,124.14994482966438,124.72785170132055,117.79299204695819,121.09103393554688,203981200
2023-07-25,120.92164761919717,133.256935856133,120.58287174811599,132.24061584472656,223790500
2023-08-01,130.30762535926618,132.15094929640813,126.95976097000678,131.05491638183594,118405900
2023-08-08,130.14819443391687,131.57303716602328,127.70704689830215,130.8556365966797,113570700
2023-08-15,130.62647655713238,131.5132612939384,125.92351624666597,127.90632629394531,134173100
2023-08-22,128.0458039244663,133.76507596026076,126.79036064017268,130.53677368164062,125694100
2023-08-29,131.76235307271233,137.50154241315616,131.76235307271233,135.1699981689453,122969800
2023-09-05,134.95078045364573,136.98340509275795,132.4697690937875,136.42543029785156,101253600
2023-09-12,135.76783129506848,138.65736578516098,133.6654518847689,137.71080017089844,124675700
2023-09-19,136.9236345622602,137.9100641370443,128.49420075473788,130.6364288330078,128261800
2023-09-26,129.30127781492433,133.9344760337104,126.76048531921035,133.6853790283203,124114400
2023-10-03,133.45621458862445,138.4381547168922,131.36379365328213,137.92002868652344,116435600
2023-10-10,137.9997410613228,140.70991769773804,136.12652671459247,138.5975799560547,130358800
2023-10-17,138.12928474758627,140.21173219121107,133.46618061539147,136.00697326660156,125589900
2023-10-24,137.33216285750734,138.85663531443828,119.77580317821635,124.01045227050781,259748200
2023-10-31,124.60827005224843,129.86919702018562,122.24683556200189,129.77952575683594,128932100
2023-11-07,130.2378794487093,132.32032667632132,128.94257203503577,131.61288452148438,125169000
2023-11-14,133.705316558699,136.72437117221432,132.83846380937538,135.75787353515625,149326000
2023-11-21,135.79772045894592,138.91641991635177,135.46892578213019,135.91729736328125,76400000
2023-11-28,135.58848540161944,137.79049444124735,127.43803098480845,128.80308532714844,149786600
2023-12-05,128.48422776297147,138.05951691724965,127.78675921345742,132.8085479736328,171100000
2023-12-12,131.33390040825472,136.6546087020942,129.22156270441008,135.3094940185547,180933200
2023-12-19,136.34572957262492,141.47713686854152,135.58848016982702,140.97894287109375,128586900
2023-12-26,141.07857115359178,142.16463040840867,138.27872334820412,139.18544006347656,71181800
2024-01-02,138.04955515723788,139.12565598049375,134.66182696469,138.3385009765625,118971000
2024-01-09,137.99973119285977,144.69545943887218,137.6509893285925,142.13473510742188,88857100
2024-01-16,141.48709859451705,147.85401742312334,138.39828965640635,145.4626922607422,134886600
2024-01-23,145.3630487254253,153.22454965433968,144.97445800284302,152.9555206298828,129918500
2024-01-30,152.2480790186332,153.06510921679296,136.0069526896803,143.1610107421875,249684300
2024-02-06,144.1275138683139,148.90022076162785,142.6727959452701,146.9971160888672,125294500
2024-02-13,144.39655245181498,146.1402315160121,139.6338188527591,140.012451171875,119583700
2024-02-20,139.15556762620736,144.47627650517072,136.89376235078677,137.0731201171875,148787900
2024-02-27,137.5214773485818,138.74703034341942,131.43354600148837,132.86834716796875,199679700
2024-03-05,131.40364985709067,138.59757218986644,130.19801372828542,137.1727294921875,185032500
2024-03-12,136.53504956505773,151.6004316065011,136.53504956505773,147.14657592773438,212398300
2024-03-19,147.6248493772142,151.03249450465566,145.5523605177103,149.5279541015625,118542500
2024-03-26,149.67740623894662,155.1774722435792,148.36216678414726,154.92837524414062,101244500
2024-04-02,152.94555011947872,154.70916104563747,149.05964320116985,154.29067993164062,128167000
2024-04-09,155.5262122650514,159.64129991403533,154.0316301401818,154.3006591796875,133583700
2024-04-16,153.63306786943858,157.07060342236827,151.7498951610563,155.71551513671875,121110900
2024-04-23,156.39307246377066,174.07896006246605,150.32505778356625,165.54986572265625,211315700
2024-04-30,165.01183181617287,167.53269246182137,162.01270914544588,167.4928436279297,147884300
2024-05-07,167.8913802726789,171.139599723326,163.40763421198423,168.52906799316406,124083000
2024-05-14,169.1568067299672,178.12429935090404,168.19030908675,176.28097534179688,126977100
2024-05-21,176.2610301889995,177.60616006337557,172.32530065048985,174.35794067382812,72466800
2024-05-28,173.8198853243524,176.62970681064894,168.82798686698396,172.5445098876953,132017600
2024-06-04,172.65412156809285,177.22753910792466,171.26914277486466,174.37786865234375,115639700
2024-06-11,175.78500383270736,179.96466329315183,173.341054678505,176.802490234375,108000700
2024-06-18,176.70273572742124,180.44347898846334,173.6702465544307,178.77760314941406,118910700
2024-06-25,179.17662294279563,185.590759110988,178.97711966499227,182.53831481933594,107086200
2024-07-02,181.60061915123558,190.3888695469614,181.11182321904982,188.56338500976562,69618000
2024-07-09,189.84021741454384,191.27666521056605,184.03459199693057,186.06954956054688,96072100
2024-07-16,186.89751465836233,188.21424840939721,176.03439652254863,181.2215576171875,107322700
2024-07-23,181.6006260551953,183.15677287494933,163.65502756286145,169.1115264892578,192420600
2024-07-30,169.8197805482859,173.81987667832308,154.54755937261288,158.85690307617188,151981000
2024-08-06,158.93670416505316,164.49294700024495,156.0239138568458,161.88938903808594,144219600
2024-08-13,163.0066281867893,166.27853033162688,157.32070160710958,166.25857543945312,137291900
2024-08-20,166.48801102387438,168.22372141525506,162.90687638195757,165.74984741210938,91882900
2024-08-27,165.43063426105067,166.0291592999855,159.85443635876626,162.97671508789062,70052900
2024-09-03,161.3208062324146,161.4504902068838,146.85659851096082,148.34292602539062,154160400
2024-09-10,150.27776975351816,158.19869983465932,147.35113117829755,157.87905883789062,138392500
2024-09-17,158.83795661074836,165.30055091054933,158.19868989868297,161.6647186279297,136027900
2024-09-24,162.84336201180744,165.9597853581085,160.50604450208164,165.66014099121094,104035800
2024-10-01,167.49804150908926,168.96635996516287,162.56369407072728,162.79342651367188,102681900
2024-10-08,163.75232734757526,166.03969909717978,159.55713846819737,164.7711639404297,102759000
2024-10-15,165.60020388407057,167.48803968201514,162.43383459552447,163.88218688964844,98810800
2024-10-22,162.7934202597252,168.55681917401554,160.82567424769175,166.52914428710938,109228600
2024-10-29,167.53798349636747,181.81163327127763,166.8987167586828,169.0462646484375,209118000
2024-11-05,169.23604168759354,180.87271476964656,168.64672073409594,180.1435546875,116747100
2024-11-12,179.61414922570336,182.2810907784563,171.02398841654644,175.0993194580078,132037600
2024-11-19,173.521127251538,178.66522545541255,163.51259384027156,167.45806884765625,173906300
2024-11-26,167.43810418240463,171.88300683066288,166.96864101312917,171.29368591308594,77799500
2024-12-03,171.29368733611176,176.05821576652906,170.6544206043248,175.1692352294922,122072000
2024-12-10,182.85000610351562,199.0,181.0500030517578,196.66000366210938,227603000
2024-12-17,197.25,201.4199981689453,185.22000122070312,194.6300048828125,199073200
2024-12-24,194.83999633789062,196.75,189.1199951171875,191.24000549316406,55606000
2024-12-31,191.0800018310547,198.22000122070312,187.5,196.8699951171875,85997500
2025-01-07,197.11000061035156,201.0,187.36000061035156,191.00999450683594,99840900
2025-01-14,191.24000549316406,197.22999572753906,188.30999755859375,196.0,84501400
2025-01-21,199.07000732421875,202.2899932861328,190.72999572753906,191.80999755859375,148729700
2025-01-28,192.75,205.47999572753906,190.67999267578125,201.22999572753906,126611200
2025-02-04,203.38999938964844,207.0500030517578,183.24000549316406,186.47000122070312,215948300
2025-02-11,185.02999877929688,186.94000244140625,181.8300018310547,185.22999572753906,85163000
2025-02-18,185.60000610351562,185.9600067138672,178.88999938964844,179.25,134961000
2025-02-25,178.0399932861328,178.74000549316406,165.92999267578125,167.00999450683594,206236800
2025-03-04,166.24000549316406,173.77999877929688,165.8000030517578,173.02000427246094,76342900
